ticket_id,ticket_type,content,path,status,created_at,updated_at
GENESIS_SSOT_0419,STICKY,Root SSOT Initialized via STRIKE_7,,ACTIVE,2026-04-19 12:40:47.58734,2026-04-19 12:40:47.58734
MIGRATION_LOG_0419,STRIKE_EVENT,Legacy consolidation completed via explicit dblink transport,,CLOSED,2026-04-19 12:46:19.246896,2026-04-19 12:46:19.246896
20260417-024,LEGACY_RTGO,FK_SOCAT_REPAIR,parent:20260417-023_20260417-024,CLOSED,2026-04-19 12:50:43.341831,2026-04-19 12:50:43.341831
20260406-RT-289-FINAL-127-FIX,LEGACY_RTDB, | ,parent:20260406-RT-288-PATH-RECOVERY_20260406-RT-289-FINAL-127-FIX,CLOSED,2026-04-19 12:50:46.605729,2026-04-19 12:50:46.605729
20260406-RT-330-EXEC,LEGACY_RTDB, | ,parent:20260406-RT-329_20260406-RT-330-EXEC,CLOSED,2026-04-19 12:50:46.605729,2026-04-19 12:50:46.605729
STICKY-GENESIS-V1.2.2,LEGACY_RTDB, | ,parent:20260406-RT-323-GENESIS-VERIFIED_STICKY-GENESIS-V1.2.2,CLOSED,2026-04-19 12:50:46.605729,2026-04-19 12:50:46.605729
STICKY-GENESIS-V1.2.3,LEGACY_RTDB, | ,parent:20260406-RT-331_STICKY-GENESIS-V1.2.3,STICKY,2026-04-19 12:50:46.605729,2026-04-19 12:50:46.605729
20260406-RT-235-DB_VAULT_INIT,LEGACY_RTDB, | ,parent:20260406-RT-234-SYNC_20260406-RT-235-DB_VAULT_INIT,CLOSED,2026-04-19 12:50:46.605729,2026-04-19 12:50:46.605729
20260406-RT-236-PREFLIGHT,LEGACY_RTDB, | ,parent:20260406-RT-235-DB_VAULT_INIT_20260406-RT-236-PREFLIGHT,CLOSED,2026-04-19 12:50:46.605729,2026-04-19 12:50:46.605729
20260406-RT-237-COMPILE,LEGACY_RTDB, | ,parent:20260406-RT-236-PREFLIGHT_20260406-RT-237-COMPILE,CLOSED,2026-04-19 12:50:46.605729,2026-04-19 12:50:46.605729
20260406-RT-238-PATCH_BUILD_SCRIPT,LEGACY_RTDB, | ,parent:20260406-RT-237-COMPILE_20260406-RT-238-PATCH_BUILD_SCRIPT,CLOSED,2026-04-19 12:50:46.605729,2026-04-19 12:50:46.605729
20260406-RT-241,LEGACY_RTDB, | ,parent:20260406-RT-238-PATCH_BUILD_SCRIPT_20260406-RT-241,CLOSED,2026-04-19 12:50:46.605729,2026-04-19 12:50:46.605729
20260406-RT-243-SSH_PTY_FIX,LEGACY_RTDB, | ,parent:20260406-RT-242-BOO_INIT_RETRY_20260406-RT-243-SSH_PTY_FIX,CLOSED,2026-04-19 12:50:46.605729,2026-04-19 12:50:46.605729
20260406-RT-245-GMODEM_JOIN,LEGACY_RTDB, | ,parent:20260406-RT-244-VERIFY_BOOT_20260406-RT-245-GMODEM_JOIN,CLOSED,2026-04-19 12:50:46.605729,2026-04-19 12:50:46.605729
20260406-RT-246,LEGACY_RTDB, | ,parent:20260406-RT-245-GMODEM_JOIN_20260406-RT-246,CLOSED,2026-04-19 12:50:46.605729,2026-04-19 12:50:46.605729
20260406-RT-264-UNIFIED_IDENTITY,LEGACY_RTDB, | ,parent:20260406-RT-263_20260406-RT-264-UNIFIED_IDENTITY,CLOSED,2026-04-19 12:50:46.605729,2026-04-19 12:50:46.605729
20260406-RT-269,LEGACY_RTDB, | ,parent:20260406-RT-268_20260406-RT-269,CLOSED,2026-04-19 12:50:46.605729,2026-04-19 12:50:46.605729
20260406-RT-274-FINAL_IDENTITY_SWEEP,LEGACY_RTDB, | ,parent:20260406-RT-273-AUTH_RECOVERY_201_20260406-RT-274-FINAL_IDENTITY_SWEEP,CLOSED,2026-04-19 12:50:46.605729,2026-04-19 12:50:46.605729
20260406-RT-278-GMODEM_INIT,LEGACY_RTDB, | ,parent:20260406-RT-277-ROW1-INTENT_20260406-RT-278-GMODEM_INIT,CLOSED,2026-04-19 12:50:46.605729,2026-04-19 12:50:46.605729
20260406-RT-283-BASHRC_IGNITION_FIX,LEGACY_RTDB, | ,parent:20260406-RT-282-CRASH_RECOVERY_20260406-RT-283-BASHRC_IGNITION_FIX,CLOSED,2026-04-19 12:50:46.605729,2026-04-19 12:50:46.605729
20260406-RT-332-ANCHOR,LEGACY_RTDB, | ,parent:STICKY-GENESIS-V1.2.3_20260406-RT-332-ANCHOR,CLOSED,2026-04-19 12:50:46.605729,2026-04-19 12:50:46.605729
20260406-RT-335-DARK,LEGACY_RTDB, | ,parent:STICKY-GENESIS-V1.2.3_20260406-RT-335-DARK,CLOSED,2026-04-19 12:50:46.605729,2026-04-19 12:50:46.605729
20260406-RT-302-GENESIS-V1.2,LEGACY_RTDB, | ,parent:20260406-RT-301-QUIET-SEAL_20260406-RT-302-GENESIS-V1.2,CLOSED,2026-04-19 12:50:46.605729,2026-04-19 12:50:46.605729
20260406-RT-304-RECOVERY-FINAL,LEGACY_RTDB, | ,parent:20260406-RT-303-CRASH-RECOVERY_20260406-RT-304-RECOVERY-FINAL,CLOSED,2026-04-19 12:50:46.605729,2026-04-19 12:50:46.605729
20260406-RT-271-MESH_EXPANSION_201_6,LEGACY_RTDB, | ,parent:COOLOFF_20260406_12H_20260406-RT-271-MESH_EXPANSION_201_6,STALLED,2026-04-19 12:50:46.605729,2026-04-19 12:50:46.605729
20260406-RT-273-AUTH_RECOVERY_201,LEGACY_RTDB, | ,parent:COOLOFF_20260406_12H_20260406-RT-273-AUTH_RECOVERY_201,STALLED,2026-04-19 12:50:46.605729,2026-04-19 12:50:46.605729
20260406-RT-281-PRO_AUTH_FIX_201,LEGACY_RTDB, | ,parent:COOLOFF_20260406_12H_20260406-RT-281-PRO_AUTH_FIX_201,STALLED,2026-04-19 12:50:46.605729,2026-04-19 12:50:46.605729
20260406-RT-284-DIAGNOSE_201_MH_AIRGAP,LEGACY_RTDB, | ,parent:COOLOFF_20260406_12H_20260406-RT-284-DIAGNOSE_201_MH_AIRGAP,STALLED,2026-04-19 12:50:46.605729,2026-04-19 12:50:46.605729
20260406-RT-306-STUB-FIX-FINAL,LEGACY_RTDB, | ,parent:20260406-RT-305-GENESIS-SEAL_20260406-RT-306-STUB-FIX-FINAL,CLOSED,2026-04-19 12:50:46.605729,2026-04-19 12:50:46.605729
20260406-RT-307-QUIET-STATE,LEGACY_RTDB, | ,parent:20260406-RT-306_20260406-RT-307-QUIET-STATE,CLOSED,2026-04-19 12:50:46.605729,2026-04-19 12:50:46.605729
20260406-RT-277-ROW1-INTENT,LEGACY_RTDB, | ,parent:20260406-RT-276-IGNITION_DIAGNOSTIC_20260406-RT-277-ROW1-INTENT,CLOSED,2026-04-19 12:50:46.605729,2026-04-19 12:50:46.605729
GEMINI-INSTRUCTION-STICKY-EVAL,LEGACY_RTDB, | ,parent:20260406-RT-277-ROW1-INTENT_GEMINI-INSTRUCTION-STICKY-EVAL,CLOSED,2026-04-19 12:50:46.605729,2026-04-19 12:50:46.605729
RT-316-UNIFIED,LEGACY_RTDB, | ,parent:STICKY-20260406-V1.2_RT-316-UNIFIED,CLOSED,2026-04-19 12:50:46.605729,2026-04-19 12:50:46.605729
20260406-RT-321-PRO-RECONSTRUCT,LEGACY_RTDB, | ,parent:20260406-RT-320-PRO-PURGE_20260406-RT-321-PRO-RECONSTRUCT,CLOSED,2026-04-19 12:50:46.605729,2026-04-19 12:50:46.605729
20260406-RT-322-DEEP-PURGE,LEGACY_RTDB, | ,parent:20260406-RT-321-PRO-RECONSTRUCT_20260406-RT-322-DEEP-PURGE,CLOSED,2026-04-19 12:50:46.605729,2026-04-19 12:50:46.605729
RT-317-UNIFIED-FINAL,LEGACY_RTDB, | ,parent:RT-316-UNIFIED_RT-317-UNIFIED-FINAL,CLOSED,2026-04-19 12:50:46.605729,2026-04-19 12:50:46.605729
20260406-RT-323-GENESIS-VERIFIED,LEGACY_RTDB, | ,parent:RT-317-UNIFIED-FINAL_20260406-RT-323-GENESIS-VERIFIED,CLOSED,2026-04-19 12:50:46.605729,2026-04-19 12:50:46.605729
STICKY-20260406-V1.2,LEGACY_RTDB, | ,parent:GENESIS_LOCKED_STICKY-20260406-V1.2,CLOSED,2026-04-19 12:50:46.605729,2026-04-19 12:50:46.605729
20260406-RT-318-PRO-TRACE,LEGACY_RTDB, | ,parent:RT-317-UNIFIED-FINAL_20260406-RT-318-PRO-TRACE,CLOSED,2026-04-19 12:50:46.605729,2026-04-19 12:50:46.605729
20260406-RT-319-PRO-TRACE-SINGLE,LEGACY_RTDB, | ,parent:20260406-RT-318-PRO-TRACE_20260406-RT-319-PRO-TRACE-SINGLE,CLOSED,2026-04-19 12:50:46.605729,2026-04-19 12:50:46.605729
20260406-RT-320-PRO-PURGE,LEGACY_RTDB, | ,parent:20260406-RT-319-PRO-TRACE-SINGLE_20260406-RT-320-PRO-PURGE,CLOSED,2026-04-19 12:50:46.605729,2026-04-19 12:50:46.605729
20260406-RT-324-SILENCE,LEGACY_RTDB, | ,parent:STICKY-GENESIS-V1.2.2_20260406-RT-324-SILENCE,CLOSED,2026-04-19 12:50:46.605729,2026-04-19 12:50:46.605729
20260406-RT-325-GHOST-HUNT,LEGACY_RTDB, | ,parent:20260406-RT-324-SILENCE_20260406-RT-325-GHOST-HUNT,CLOSED,2026-04-19 12:50:46.605729,2026-04-19 12:50:46.605729
20260406-RT-326-USER-UNIFICATION,LEGACY_RTDB, | ,parent:20260406-RT-325-GHOST-RECOVERY_20260406-RT-326-USER-UNIFICATION,CLOSED,2026-04-19 12:50:46.605729,2026-04-19 12:50:46.605729
20260406-RT-327-USER-FINAL,LEGACY_RTDB, | ,parent:STICKY-GENESIS-V1.2.2_20260406-RT-327-USER-FINAL,CLOSED,2026-04-19 12:50:46.605729,2026-04-19 12:50:46.605729
20260406-RT-325-GHOST-RECOVERY,LEGACY_RTDB, | ,parent:STICKY-GENESIS-V1.2.2_20260406-RT-325-GHOST-RECOVERY,CLOSED,2026-04-19 12:50:46.605729,2026-04-19 12:50:46.605729
20260406-RT-363-HYPERLOOP-AUDIT,LEGACY_RTDB, | ,parent:20260406-RT-362-HYPERLOOP-RESTORE_20260406-RT-363-HYPERLOOP-AUDIT,CLOSED,2026-04-19 12:50:46.605729,2026-04-19 12:50:46.605729
20260406-RT-365-TUNNEL-PURGE,LEGACY_RTDB, | ,parent:20260406-RT-364-BRIDGE-FIX_20260406-RT-365-TUNNEL-PURGE,CLOSED,2026-04-19 12:50:46.605729,2026-04-19 12:50:46.605729
20260406-RT-367-AUDIT-RESUME,LEGACY_RTDB, | ,parent:20260406-RT-366-MESH-SYNC_20260406-RT-367-AUDIT-RESUME,CLOSED,2026-04-19 12:50:46.605729,2026-04-19 12:50:46.605729
20260406-RT-371-VIBE-WORKER,LEGACY_RTDB, | ,parent:20260406-RT-370-VIBE-FLOW_20260406-RT-371-VIBE-WORKER,CLOSED,2026-04-19 12:50:46.605729,2026-04-19 12:50:46.605729
20260406-RT-372-VIBE-EXEC,LEGACY_RTDB, | ,parent:20260406-RT-371-VIBE-WORKER_20260406-RT-372-VIBE-EXEC,CLOSED,2026-04-19 12:50:46.605729,2026-04-19 12:50:46.605729
20260406-RT-373-LOGIC-PARITY,LEGACY_RTDB, | ,parent:20260406-RT-372-VIBE-EXEC_20260406-RT-373-LOGIC-PARITY,CLOSED,2026-04-19 12:50:46.605729,2026-04-19 12:50:46.605729
20260406-RT-374-FIX-PARITY,LEGACY_RTDB, | ,parent:20260406-RT-373-LOGIC-PARITY_20260406-RT-374-FIX-PARITY,CLOSED,2026-04-19 12:50:46.605729,2026-04-19 12:50:46.605729
20260406-RT-378-GHOST-PURGE,LEGACY_RTDB, | ,parent:20260406-RT-377-GHOST-RESO_20260406-RT-378-GHOST-PURGE,CLOSED,2026-04-19 12:50:46.605729,2026-04-19 12:50:46.605729
20260406-RT-393-PRIME,LEGACY_RTDB, | ,parent:20260406-RT-392-PIPE-HANDSHAKE_20260406-RT-393-PRIME,CLOSED,2026-04-19 12:50:46.605729,2026-04-19 12:50:46.605729
20260406-RT-395-CONFIRM,LEGACY_RTDB, | ,parent:20260406-RT-394-VERIFY-PARITY_20260406-RT-395-CONFIRM,CLOSED,2026-04-19 12:50:46.605729,2026-04-19 12:50:46.605729
20260406-RT-412-IGNITE,LEGACY_RTDB, | ,parent:20260406-RT-411-UNIFY_20260406-RT-412-IGNITE,CLOSED,2026-04-19 12:50:46.605729,2026-04-19 12:50:46.605729
20260406-RT-413-COMPLETE,LEGACY_RTDB, | ,parent:20260406-RT-412-IGNITE_20260406-RT-413-COMPLETE,CLOSED,2026-04-19 12:50:46.605729,2026-04-19 12:50:46.605729
20260406-RT-424-NETWORK,LEGACY_RTDB, | ,parent:20260406-RT-423-HUD-ORCHESTRATION_20260406-RT-424-NETWORK,CLOSED,2026-04-19 12:50:46.605729,2026-04-19 12:50:46.605729
20260406-RT-426-CONFLICT,LEGACY_RTDB, | ,parent:20260406-RT-425-HUD-STABILIZE_20260406-RT-426-CONFLICT,CLOSED,2026-04-19 12:50:46.605729,2026-04-19 12:50:46.605729
20260406-RT-429-PORT-CLEANUP,LEGACY_RTDB, | ,parent:20260406-RT-428-RECOVERY_20260406-RT-429-PORT-CLEANUP,CLOSED,2026-04-19 12:50:46.605729,2026-04-19 12:50:46.605729
20260406-RT-449-SCHEMA-FIX,LEGACY_RTDB, | ,parent:20260406-RT-447-MCP-IGNITION_20260406-RT-449-SCHEMA-FIX,CLOSED,2026-04-19 12:50:46.605729,2026-04-19 12:50:46.605729
20260406-RT-450-CHRONO-SORT,LEGACY_RTDB, | ,parent:20260406-RT-449-SCHEMA-FIX_20260406-RT-450-CHRONO-SORT,CLOSED,2026-04-19 12:50:46.605729,2026-04-19 12:50:46.605729
20260406-RT-441-SOURCE-AUDIT,LEGACY_RTDB, | ,parent:20260406-RT-440-AUTO-IGNITE_20260406-RT-441-SOURCE-AUDIT,CLOSED,2026-04-19 12:50:46.605729,2026-04-19 12:50:46.605729
20260406-RT-451-TICKETING-CLEANUP,LEGACY_RTDB, | ,parent:20260406-RT-450-CHRONO-SORT_20260406-RT-451-TICKETING-CLEANUP,CLOSED,2026-04-19 12:50:46.605729,2026-04-19 12:50:46.605729
20260406-RT-452-HUB-DISCOVERY,LEGACY_RTDB, | ,parent:20260406-RT-451-TICKETING-CLEANUP_20260406-RT-452-HUB-DISCOVERY,CLOSED,2026-04-19 12:50:46.605729,2026-04-19 12:50:46.605729
20260406-RT-428-RECOVERY,LEGACY_RTDB, | ,parent:20260406-RT-427-HUD-VERIFY_20260406-RT-428-RECOVERY,CLOSED,2026-04-19 12:50:46.605729,2026-04-19 12:50:46.605729
20260406-RT-447-MCP-IGNITION,LEGACY_RTDB, | ,parent:20260406-RT-446-ARCH-DEBRIEF_20260406-RT-447-MCP-IGNITION,CLOSED,2026-04-19 12:50:46.605729,2026-04-19 12:50:46.605729
20260406-RT-453-RELATION-AUDIT,LEGACY_RTDB, | ,parent:20260406-RT-452-HUB-DISCOVERY_20260406-RT-453-RELATION-AUDIT,CLOSED,2026-04-19 12:50:46.605729,2026-04-19 12:50:46.605729
STICKY-MASTER-HEAD-5c783fa7,LEGACY_RTDB, | ,parent:20260406-RT-459-MESH-DEEP-DIVE_STICKY-MASTER-HEAD-5c783fa7,STICKY,2026-04-19 12:50:46.605729,2026-04-19 12:50:46.605729
20260406-RT-459-MESH-DEEP-DIVE,LEGACY_RTDB, | ,parent:20260406-RT-458-VERSION-PARITY_20260406-RT-459-MESH-DEEP-DIVE,CLOSED,2026-04-19 12:50:46.605729,2026-04-19 12:50:46.605729
20260406-RT-247-MESH_STABLE,LEGACY_RTDB, | ,parent:20260406-RT-246_20260406-RT-247-MESH_STABLE,STALLED,2026-04-19 12:50:46.605729,2026-04-19 12:50:46.605729
20260406-RT-460-RECONCILE,LEGACY_RTDB, | ,parent:STICKY-MASTER-HEAD-5c783fa7_20260406-RT-460-RECONCILE,CLOSED,2026-04-19 12:50:46.605729,2026-04-19 12:50:46.605729
20260406-RT-464-VAULT-GENESIS,LEGACY_RTDB, | ,parent:20260406-RT-463-SOT-DEPLOY_20260406-RT-464-VAULT-GENESIS,STICKY,2026-04-19 12:50:46.605729,2026-04-19 12:50:46.605729
20260406-RT-467-VAULT-PENETRATION,LEGACY_RTDB, | ,parent:20260406-RT-466-SHARD-RECON_20260406-RT-467-VAULT-PENETRATION,CLOSED,2026-04-19 12:50:46.605729,2026-04-19 12:50:46.605729
20260406-RT-468-201-RECON,LEGACY_RTDB, | ,parent:20260406-RT-467-VAULT-PENETRATION_20260406-RT-468-201-RECON,STALL,2026-04-19 12:50:46.605729,2026-04-19 12:50:46.605729
20260406-RT-469-VAULT-UNLOCK,LEGACY_RTDB, | ,parent:20260406-RT-468-201-RECON_20260406-RT-469-VAULT-UNLOCK,CLOSED,2026-04-19 12:50:46.605729,2026-04-19 12:50:46.605729
20260406-RT-476-DUAL-PIVOT,LEGACY_RTDB, | ,parent:20260406-RT-475-SUB-PROBE_20260406-RT-476-DUAL-PIVOT,CLOSED,2026-04-19 12:50:46.605729,2026-04-19 12:50:46.605729
20260406-RT-489-ROLL-CALL,LEGACY_RTDB, | ,parent:20260406-RT-488-GMODEM-SCAN_20260406-RT-489-ROLL-CALL,CLOSED,2026-04-19 12:50:46.605729,2026-04-19 12:50:46.605729
20260406-RT-496-MESH-RES,LEGACY_RTDB, | ,parent:20260406-RT-495-BACKPLANE-HEAL_20260406-RT-496-MESH-RES,CLOSED,2026-04-19 12:50:46.605729,2026-04-19 12:50:46.605729
20260406-RT-497-HARDWARE-SYNC,LEGACY_RTDB, | ,parent:20260406-RT-496-MESH-RES_20260406-RT-497-HARDWARE-SYNC,CLOSED,2026-04-19 12:50:46.605729,2026-04-19 12:50:46.605729
20260406-RT-498-MODEM-RECLAIM,LEGACY_RTDB, | ,parent:20260406-RT-497-HARDWARE-SYNC_20260406-RT-498-MODEM-RECLAIM,CLOSED,2026-04-19 12:50:46.605729,2026-04-19 12:50:46.605729
20260406-RT-516-CRASH-RECLAMATION,LEGACY_RTDB, | ,parent:20260406-RT-515-ENDPOINT-CHAT_20260406-RT-516-CRASH-RECLAMATION,CLOSED,2026-04-19 12:50:46.605729,2026-04-19 12:50:46.605729
20260406-RT-517-SCHEMA-FIX,LEGACY_RTDB, | ,parent:20260406-RT-516-CRASH-RECLAMATION_20260406-RT-517-SCHEMA-FIX,CLOSED,2026-04-19 12:50:46.605729,2026-04-19 12:50:46.605729
20260406-RT-518-GATEWAY-READY,LEGACY_RTDB, | ,parent:20260406-RT-517-SCHEMA-FIX_20260406-RT-518-GATEWAY-READY,CLOSED,2026-04-19 12:50:46.605729,2026-04-19 12:50:46.605729
20260406-RT-519-VOLLEY-01-RESOLVE,LEGACY_RTDB, | ,parent:20260406-RT-518-GATEWAY-READY_20260406-RT-519-VOLLEY-01-RESOLVE,CLOSED,2026-04-19 12:50:46.605729,2026-04-19 12:50:46.605729
20260406-RT-524-HUMAN-IGNITE,LEGACY_RTDB, | ,parent:20260406-RT-523-INGRESS-POLL_20260406-RT-524-HUMAN-IGNITE,CLOSED,2026-04-19 12:50:46.605729,2026-04-19 12:50:46.605729
20260406-RT-532-CMS-SYNC,LEGACY_RTDB, | ,parent:20260406-RT-531-ARCHITECT-STUB_20260406-RT-532-CMS-SYNC,CLOSED,2026-04-19 12:50:46.605729,2026-04-19 12:50:46.605729
20260406-RT-533-STATUS-SCHEMA-FIX,LEGACY_RTDB, | ,parent:20260406-RT-532-CMS-SYNC_20260406-RT-533-STATUS-SCHEMA-FIX,CLOSED,2026-04-19 12:50:46.605729,2026-04-19 12:50:46.605729
20260406-RT-537-S25-RECLAIM,LEGACY_RTDB, | ,parent:20260406-RT-536-CORE-FIX_20260406-RT-537-S25-RECLAIM,CLOSED,2026-04-19 12:50:46.605729,2026-04-19 12:50:46.605729
20260406-RT-361-SYNC-DIAGNOSE,LEGACY_RTDB, | ,parent:20260406-RT-360-VIBE-DEPLOY_20260406-RT-361-SYNC-DIAGNOSE,STALLED,2026-04-19 12:50:46.605729,2026-04-19 12:50:46.605729
20260406-RT-362-HYPERLOOP-RESTORE,LEGACY_RTDB, | ,parent:20260406-RT-361-SYNC-DIAGNOSE_20260406-RT-362-HYPERLOOP-RESTORE,STALLED,2026-04-19 12:50:46.605729,2026-04-19 12:50:46.605729
20260406-RT-364-BRIDGE-FIX,LEGACY_RTDB, | ,parent:20260406-RT-363-HYPERLOOP-AUDIT_20260406-RT-364-BRIDGE-FIX,STALLED,2026-04-19 12:50:46.605729,2026-04-19 12:50:46.605729
20260406-RT-370-VIBE-FLOW,LEGACY_RTDB, | ,parent:20260406-RT-369-VERIFY-REBUILD_20260406-RT-370-VIBE-FLOW,STALLED,2026-04-19 12:50:46.605729,2026-04-19 12:50:46.605729
20260406-RT-401-PORTAL,LEGACY_RTDB, | ,parent:20260406-RT-400-SECURE_20260406-RT-401-PORTAL,STALLED,2026-04-19 12:50:46.605729,2026-04-19 12:50:46.605729
20260406-RT-403-PARITY,LEGACY_RTDB, | ,parent:20260406-RT-402-IGNITION_20260406-RT-403-PARITY,STALLED,2026-04-19 12:50:46.605729,2026-04-19 12:50:46.605729
20260406-RT-407-LOCATE,LEGACY_RTDB, | ,parent:20260406-RT-406-AUDIT_20260406-RT-407-LOCATE,STALLED,2026-04-19 12:50:46.605729,2026-04-19 12:50:46.605729
20260406-RT-408-BREAKOUT,LEGACY_RTDB, | ,parent:20260406-RT-407-LOCATE_20260406-RT-408-BREAKOUT,STALLED,2026-04-19 12:50:46.605729,2026-04-19 12:50:46.605729
20260406-RT-409-SCHISM,LEGACY_RTDB, | ,parent:20260406-RT-408-BREAKOUT_20260406-RT-409-SCHISM,STALLED,2026-04-19 12:50:46.605729,2026-04-19 12:50:46.605729
20260406-RT-410-BRIDGE,LEGACY_RTDB, | ,parent:20260406-RT-409-SCHISM_20260406-RT-410-BRIDGE,STALLED,2026-04-19 12:50:46.605729,2026-04-19 12:50:46.605729
20260406-RT-411-UNIFY,LEGACY_RTDB, | ,parent:20260406-RT-410-BRIDGE_20260406-RT-411-UNIFY,STALLED,2026-04-19 12:50:46.605729,2026-04-19 12:50:46.605729
20260406-RT-415-RECOVERY,LEGACY_RTDB, | ,parent:20260406-RT-413-COMPLETE_20260406-RT-415-RECOVERY,STALLED,2026-04-19 12:50:46.605729,2026-04-19 12:50:46.605729
20260406-RT-416-SYNC,LEGACY_RTDB, | ,parent:20260406-RT-415-RECOVERY_20260406-RT-416-SYNC,STALLED,2026-04-19 12:50:46.605729,2026-04-19 12:50:46.605729
20260406-RT-456-PARAMETER-SYNC,LEGACY_RTDB, | ,parent:20260406-RT-455-PATH-RECON_20260406-RT-456-PARAMETER-SYNC,STALLED,2026-04-19 12:50:46.605729,2026-04-19 12:50:46.605729
20260406-RT-461-ROOT-AUDIT,LEGACY_RTDB, | ,parent:20260406-RT-460-RECONCILE_20260406-RT-461-ROOT-AUDIT,STALLED,2026-04-19 12:50:46.605729,2026-04-19 12:50:46.605729
20260406-RT-465-VAULT-DEEP-DIVE,LEGACY_RTDB, | ,parent:20260406-RT-464-VAULT-GENESIS_20260406-RT-465-VAULT-DEEP-DIVE,STALLED,2026-04-19 12:50:46.605729,2026-04-19 12:50:46.605729
20260406-RT-466-SHARD-RECON,LEGACY_RTDB, | ,parent:20260406-RT-465-VAULT-DEEP-DIVE_20260406-RT-466-SHARD-RECON,STALLED,2026-04-19 12:50:46.605729,2026-04-19 12:50:46.605729
20260406-RT-470-201-PENETRATION,LEGACY_RTDB, | ,parent:20260406-RT-469-VAULT-UNLOCK_20260406-RT-470-201-PENETRATION,STALLED,2026-04-19 12:50:46.605729,2026-04-19 12:50:46.605729
20260406-RT-472-KEY-ROTATION-S25,LEGACY_RTDB, | ,parent:20260406-RT-471-VAULT-INDEXING_20260406-RT-472-KEY-ROTATION-S25,STALLED,2026-04-19 12:50:46.605729,2026-04-19 12:50:46.605729
20260406-RT-474-CORE-RECOVERY,LEGACY_RTDB, | ,parent:20260406-RT-472-KEY-ROTATION-S25_20260406-RT-474-CORE-RECOVERY,STALLED,2026-04-19 12:50:46.605729,2026-04-19 12:50:46.605729
20260406-RT-477-SA-RECLAMATION,LEGACY_RTDB, | ,parent:20260406-RT-476-DUAL-PIVOT_20260406-RT-477-SA-RECLAMATION,STALLED,2026-04-19 12:50:46.605729,2026-04-19 12:50:46.605729
20260406-RT-478-SHARD-5-RECON,LEGACY_RTDB, | ,parent:20260406-RT-477-SA-RECLAMATION_20260406-RT-478-SHARD-5-RECON,STALLED,2026-04-19 12:50:46.605729,2026-04-19 12:50:46.605729
20260406-RT-480-DIRECT-ROOT,LEGACY_RTDB, | ,parent:20260406-RT-479-GCP-AUDIT_20260406-RT-480-DIRECT-ROOT,STALLED,2026-04-19 12:50:46.605729,2026-04-19 12:50:46.605729
20260406-RT-482-GMUDD-HANDSHAKE,LEGACY_RTDB, | ,parent:20260406-RT-481-PASS-CRACK_20260406-RT-482-GMUDD-HANDSHAKE,STALLED,2026-04-19 12:50:46.605729,2026-04-19 12:50:46.605729
20260406-RT-487-PROTO-BRIDGE,LEGACY_RTDB, | ,parent:20260406-RT-485-LOGIC-HUD_20260406-RT-487-PROTO-BRIDGE,STALLED,2026-04-19 12:50:46.605729,2026-04-19 12:50:46.605729
20260406-RT-490-PATH-FIX,LEGACY_RTDB, | ,parent:20260406-RT-489-ROLL-CALL_20260406-RT-490-PATH-FIX,STALLED,2026-04-19 12:50:46.605729,2026-04-19 12:50:46.605729
20260406-RT-492-LATERAL-ROOT,LEGACY_RTDB, | ,parent:20260406-RT-491-SOCAT-FIX_20260406-RT-492-LATERAL-ROOT,STALLED,2026-04-19 12:50:46.605729,2026-04-19 12:50:46.605729
20260406-RT-494-39-SHORTCUT,LEGACY_RTDB, | ,parent:20260406-RT-493-MEMORY-STRIP_20260406-RT-494-39-SHORTCUT,STALLED,2026-04-19 12:50:46.605729,2026-04-19 12:50:46.605729
20260406-RT-499-CORE-STRIP,LEGACY_RTDB, | ,parent:20260406-RT-498-MODEM-RECLAIM_20260406-RT-499-CORE-STRIP,STALLED,2026-04-19 12:50:46.605729,2026-04-19 12:50:46.605729
20260406-RT-520-VOLLEY-02-RESOLVE,LEGACY_RTDB, | ,parent:20260406-RT-519-VOLLEY-01-RESOLVE_20260406-RT-520-VOLLEY-02-RESOLVE,STALLED,2026-04-19 12:50:46.605729,2026-04-19 12:50:46.605729
20260406-RT-525-ARB-IGNITION,LEGACY_RTDB, | ,parent:20260406-RT-524-HUMAN-IGNITE_20260406-RT-525-ARB-IGNITION,STALLED,2026-04-19 12:50:46.605729,2026-04-19 12:50:46.605729
20260406-RT-534-VAULT-FIX,LEGACY_RTDB, | ,parent:20260406-RT-533-STATUS-SCHEMA-FIX_20260406-RT-534-VAULT-FIX,STALLED,2026-04-19 12:50:46.605729,2026-04-19 12:50:46.605729
20260406-RT-538-SYNTAX-FIX,LEGACY_RTDB, | ,parent:20260406-RT-537-S25-RECLAIM_20260406-RT-538-SYNTAX-FIX,STALLED,2026-04-19 12:50:46.605729,2026-04-19 12:50:46.605729
20260406-RT-540-FORCE-FIX,LEGACY_RTDB, | ,parent:20260406-RT-539-FIX-FINAL_20260406-RT-540-FORCE-FIX,STALLED,2026-04-19 12:50:46.605729,2026-04-19 12:50:46.605729
20260406-RT-546-SHELL-HEAL,LEGACY_RTDB, | ,parent:20260406-RT-545-PIPE-RECOVERY_20260406-RT-546-SHELL-HEAL,ACTIVE,2026-04-19 12:50:46.605729,2026-04-19 12:50:46.605729
20260406-RT-549-AGENTIC-LOOP,LEGACY_RTDB, | ,parent:20260406-RT-548-STRIKE-REPAIR_20260406-RT-549-AGENTIC-LOOP,ACTIVE,2026-04-19 12:50:46.605729,2026-04-19 12:50:46.605729
20260406-RT-551-AGENT-TMP-FIX,LEGACY_RTDB, | ,parent:20260406-RT-550-AGENT-VERIFY_20260406-RT-551-AGENT-TMP-FIX,ACTIVE,2026-04-19 12:50:46.605729,2026-04-19 12:50:46.605729
20260407-RT-577-DB-ROLE-FIX,LEGACY_RTDB, | ,parent:20260407-RT-574-TYPO-REPAIR_20260407-RT-577-DB-ROLE-FIX,ACTIVE,2026-04-19 12:50:46.605729,2026-04-19 12:50:46.605729
20260407-RT-581-POINTER-REFACTOR,LEGACY_RTDB, | ,parent:20260407-RT-580-HEX-FIX_20260407-RT-581-POINTER-REFACTOR,ACTIVE,2026-04-19 12:50:46.605729,2026-04-19 12:50:46.605729
20260407-RT-590-HEAL-STRATEGY,LEGACY_RTDB, | ,parent:20260407-RT-589-DB-VERIFY_20260407-RT-590-HEAL-STRATEGY,CLOSED,2026-04-19 12:50:46.605729,2026-04-19 12:50:46.605729
20260407-RT-592-ENVIRONMENT-RESET,LEGACY_RTDB, | ,parent:20260407-RT-590-HEAL-STRATEGY_20260407-RT-592-ENVIRONMENT-RESET,ACTIVE,2026-04-19 12:50:46.605729,2026-04-19 12:50:46.605729
20260407-RT-629-64-PLAYERS,LEGACY_RTDB, | ,parent:20260407-RT-628-SHARDING_20260407-RT-629-64-PLAYERS,ACTIVE,2026-04-19 12:50:46.605729,2026-04-19 12:50:46.605729
20260408-RT-9030-HUB_STABLE,LEGACY_RTDB, | ,parent:20260408-RT-9029-HUB_RECOVERY_20260408-RT-9030-HUB_STABLE,ACTIVE,2026-04-19 12:50:46.605729,2026-04-19 12:50:46.605729
20260408-RT-9029-HUB_RECOVERY,LEGACY_RTDB, | ,parent:20260408-RT-9028-SCP_INGRESS_20260408-RT-9029-HUB_RECOVERY,CLOSED,2026-04-19 12:50:46.605729,2026-04-19 12:50:46.605729
20260408-RT-9040-AUTH_ACCEPT,LEGACY_RTDB, | ,parent:20260408-RT-9038-MANUAL_PUMP_20260408-RT-9040-AUTH_ACCEPT,ACTIVE,2026-04-19 12:50:46.605729,2026-04-19 12:50:46.605729
20260408-RT-9042-HUD_PERM,LEGACY_RTDB, | ,parent:20260408-RT-9041-DAEMON_CHECK_20260408-RT-9042-HUD_PERM,CLOSED,2026-04-19 12:50:46.605729,2026-04-19 12:50:46.605729
20260408-RT-9041-DAEMON_CHECK,LEGACY_RTDB, | ,parent:20260408-RT-9040-AUTH_ACCEPT_20260408-RT-9041-DAEMON_CHECK,CLOSED,2026-04-19 12:50:46.605729,2026-04-19 12:50:46.605729
20260408-RT-9044-HYPER_IGNITE,LEGACY_RTDB, | ,parent:20260408-RT-9043-FORENSIC_PULL_20260408-RT-9044-HYPER_IGNITE,ACTIVE,2026-04-19 12:50:46.605729,2026-04-19 12:50:46.605729
20260408-RT-9045-MESH_LAUNCH,LEGACY_RTDB, | ,parent:20260408-RT-9044-HYPER_IGNITE_20260408-RT-9045-MESH_LAUNCH,ACTIVE,2026-04-19 12:50:46.605729,2026-04-19 12:50:46.605729
20260408-RT-9046-BUFFER_FIX,LEGACY_RTDB, | ,parent:20260408-RT-9045-MESH_LAUNCH_20260408-RT-9046-BUFFER_FIX,ACTIVE,2026-04-19 12:50:46.605729,2026-04-19 12:50:46.605729
20260408-RT-9047-HUB_REBOOT,LEGACY_RTDB, | ,parent:20260408-RT-9046-BUFFER_FIX_20260408-RT-9047-HUB_REBOOT,ACTIVE,2026-04-19 12:50:46.605729,2026-04-19 12:50:46.605729
RT_MASTER_013,LEGACY_RTDB,STARBIRTH_GENESIS_STATE | Master context: FOB SPEC Active. 39.mh Source of Truth.,,STICKY,2026-04-19 12:50:46.605729,2026-04-19 12:50:46.605729
RT_MIGRATION_008,LEGACY_RTDB,5TB_Migration | Personal to w-isp.net.,parent:RT_MASTER_013_RT_MIGRATION_008,ACTIVE,2026-04-19 12:50:46.605729,2026-04-19 12:50:46.605729
RT_EVOLUTION_012,LEGACY_RTDB,Shadow_Engine | Scaffold injected.,parent:RT_MASTER_013_RT_EVOLUTION_012,ACTIVE,2026-04-19 12:50:46.605729,2026-04-19 12:50:46.605729
RT_DR_014,LEGACY_RTDB,Neutral_Zone | S25_FE Jailbreak ACTIVE.,parent:RT_MASTER_013_RT_DR_014,ACTIVE,2026-04-19 12:50:46.605729,2026-04-19 12:50:46.605729
RT_EVOLUTION_013,LEGACY_RTDB,SHADOW_ENGINE_PUSH | Go shadow_controller logic pushed to 39.mh SSD.,parent:RT_EVOLUTION_012_RT_EVOLUTION_013,CLOSED,2026-04-19 12:50:46.605729,2026-04-19 12:50:46.605729
RT_EVOLUTION_016,LEGACY_RTDB,INDICATOR_LOGIC_PUSH | MA-25 and entry consensus logic committed to 39.mh.,parent:RT_MASTER_013_RT_EVOLUTION_016,CLOSED,2026-04-19 12:50:46.605729,2026-04-19 12:50:46.605729
RT_EVOLUTION_017,LEGACY_RTDB,MA25_SQL_CONNECTOR | Postgres AVG(price) query logic implemented in Go.,parent:RT_MASTER_013_RT_EVOLUTION_017,CLOSED,2026-04-19 12:50:46.605729,2026-04-19 12:50:46.605729
BASELINE_0419,STICKY,SSOT_V1_FINAL: 152 total records. Global Mesh Synchronized.,system_baseline_0419,ACTIVE,2026-04-19 12:51:52.346562,2026-04-19 12:51:52.346562
RT_EVOLUTION_015,CRITICAL,FATALITY_PURGE_LOGIC | Mortal logic simulation expansion pushed.,parent:RT_MASTER_013_RT_EVOLUTION_015,ACTIVE,2026-04-19 12:50:46.605729,2026-04-19 12:50:46.605729
OVERRIDE_0419_NO_PURGE,STICKY,"FATALITY_PURGE_ABORTED: Legacy DBs (rtgo, rtdb) must remain persistent per admin instruction.",safety_lock_0419,ACTIVE,2026-04-19 12:56:51.766635,2026-04-19 12:56:51.766635
20260417-023,CRITICAL,MESH_INTEGRITY_STRIKE | STRIKE_7_RECOVERY_COMPLETE,parent:20260417-022_20260417-023,ACTIVE,2026-04-19 12:50:43.341831,2026-04-19 12:50:43.341831
STRIKE_LOG_0419_FINAL,STRIKE_EVENT,Global SSOT Synchronized across S25 FE and 39.mh. Baseline persistent.,strike_event_0419_final,CLOSED,2026-04-19 13:07:47.562819,2026-04-19 13:07:47.562819
